{"cameraMode":{"drawMode":0,"name":"Shaded","section":"Shading Mode"},"sceneLighting":false,"audioPlay":false,"sceneViewState":{"m_AlwaysRefresh":false,"showFog":true,"showSkybox":false,"showFlares":true,"showImageEffects":true,"showParticleSystems":true,"showVisualEffectGraphs":true,"m_FxEnabled":true},"in2DMode":false,"pivot":{"x":37.10499954223633,"y":1.499000072479248,"z":0.023000001907348634},"rotation":{"x":-0.06863939762115479,"y":-0.7434511780738831,"z":0.07722042500972748,"w":-0.6607898473739624},"size":2.8305201530456545,"orthographic":true}