{"cameraMode":{"drawMode":0,"name":"Shaded","section":"Shading Mode"},"sceneLighting":true,"audioPlay":false,"sceneViewState":{"m_AlwaysRefresh":false,"showFog":true,"showSkybox":true,"showFlares":true,"showImageEffects":true,"showParticleSystems":true,"showVisualEffectGraphs":true,"m_FxEnabled":true},"in2DMode":false,"pivot":{"x":557.4332275390625,"y":305.8204040527344,"z":14.690185546875},"rotation":{"x":0.07074873894453049,"y":0.007476435974240303,"z":-0.0005302582285366952,"w":0.9974744915962219},"size":214.99252319335938,"orthographic":false}