{"cameraMode":{"drawMode":0,"name":"Shaded","section":"Shading Mode"},"sceneLighting":true,"audioPlay":false,"sceneViewState":{"m_AlwaysRefresh":false,"showFog":true,"showSkybox":true,"showFlares":true,"showImageEffects":true,"showParticleSystems":true,"showVisualEffectGraphs":true,"m_FxEnabled":true},"in2DMode":false,"pivot":{"x":-2.40385103225708,"y":4.110825538635254,"z":0.14729651808738709},"rotation":{"x":0.20230449736118318,"y":0.6704469919204712,"z":-0.19774237275123597,"w":0.6859138011932373},"size":0.7769266366958618,"orthographic":false}