{"cameraMode":{"drawMode":0,"name":"Shaded","section":"Shading Mode"},"sceneLighting":false,"audioPlay":false,"sceneViewState":{"m_AlwaysRefresh":false,"showFog":true,"showSkybox":false,"showFlares":true,"showImageEffects":true,"showParticleSystems":true,"showVisualEffectGraphs":true,"m_FxEnabled":true},"in2DMode":false,"pivot":{"x":44.647396087646487,"y":2.0369796752929689,"z":-4.509610176086426},"rotation":{"x":0.035653356462717059,"y":-0.8025058507919312,"z":0.04821374639868736,"w":0.5936409831047058},"size":3.5050482749938967,"orthographic":true}