{"cameraMode":{"drawMode":0,"name":"Shaded","section":"Shading Mode"},"sceneLighting":false,"audioPlay":false,"sceneViewState":{"m_AlwaysRefresh":false,"showFog":true,"showSkybox":false,"showFlares":true,"showImageEffects":true,"showParticleSystems":true,"showVisualEffectGraphs":true,"m_FxEnabled":true},"in2DMode":false,"pivot":{"x":44.38197326660156,"y":2.3949053287506105,"z":-0.056937992572784427},"rotation":{"x":-0.03121642768383026,"y":0.7192037105560303,"z":-0.03239048272371292,"w":-0.6933572888374329},"size":2.7897820472717287,"orthographic":true}