{"cameraMode":{"drawMode":0,"name":"Shaded","section":"Shading Mode"},"sceneLighting":false,"audioPlay":false,"sceneViewState":{"m_AlwaysRefresh":false,"showFog":true,"showSkybox":false,"showFlares":true,"showImageEffects":true,"showParticleSystems":true,"showVisualEffectGraphs":true,"m_FxEnabled":true},"in2DMode":false,"pivot":{"x":42.194549560546878,"y":2.4811158180236818,"z":0.6643782258033752},"rotation":{"x":0.056843411177396777,"y":-0.7041995525360107,"z":0.05673488974571228,"w":0.7054658532142639},"size":5.723178863525391,"orthographic":true}