{"cameraMode":{"drawMode":0,"name":"Shaded","section":"Shading Mode"},"sceneLighting":false,"audioPlay":false,"sceneViewState":{"m_AlwaysRefresh":false,"showFog":true,"showSkybox":false,"showFlares":true,"showImageEffects":true,"showParticleSystems":true,"showVisualEffectGraphs":true,"m_FxEnabled":true},"in2DMode":false,"pivot":{"x":44.40999984741211,"y":1.4444999694824219,"z":0.004999995231628418},"rotation":{"x":0.02024836651980877,"y":0.7034250497817993,"z":-0.020050939172506334,"w":0.710206151008606},"size":2.4329137802124025,"orthographic":true}